group	initial_git_status	path
S	 M	Assets/Game/Editor/CharacterPipeline/CharacterPipeline.cs
S	 M	Assets/Game/Editor/OfficialRosterBuilder.cs
S	 M	Assets/Game/Scripts/WarSandboxBattlefieldCatalog.cs
S	 M	Assets/Game/Scripts/WarSandboxFrontEnd.UnitLibrary.cs
S	 M	Assets/Game/Scripts/WarSandboxFrontEnd.cs
S	 M	Assets/Game/Scripts/WarSandboxRuntimeDeployment.cs
S	 M	Assets/Game/Scripts/WarSandboxTerrainCycle.Official.cs
S	 M	Assets/Game/Scripts/WarSandboxUGUI.cs
S	 M	Assets/Game/Tests/EditMode/OfficialRosterCatalogTests.cs
S	 M	Assets/MassEngine/Editor/VatAppearanceRegressionCapture.cs
S	 M	ProjectSettings/EditorBuildSettings.asset
A	??	Assets/CharacterPilotSource/QuaterniusPlatformerBatch6.meta
A	??	Assets/CharacterPilotSource/QuaterniusPlatformerBatch6/Crab.fbx
A	??	Assets/CharacterPilotSource/QuaterniusPlatformerBatch6/Crab.fbx.meta
A	??	Assets/CharacterPilotSource/QuaterniusPlatformerBatch6/Enemy.fbx
A	??	Assets/CharacterPilotSource/QuaterniusPlatformerBatch6/Enemy.fbx.meta
A	??	Assets/CharacterPilotSource/QuaterniusPlatformerBatch6/License.txt
A	??	Assets/CharacterPilotSource/QuaterniusPlatformerBatch6/License.txt.meta
A	??	Assets/CharacterPilotSource/QuaterniusPlatformerBatch6/Skull.fbx
A	??	Assets/CharacterPilotSource/QuaterniusPlatformerBatch6/Skull.fbx.meta
A	??	Assets/CharacterPilotSource/QuaterniusPlatformerBatch6/SourceProvenance.json
A	??	Assets/CharacterPilotSource/QuaterniusPlatformerBatch6/SourceProvenance.json.meta
C	??	Assets/CharacterPilotSource/TowerDefenseRobotExpressive01.meta
C	??	Assets/CharacterPilotSource/TowerDefenseRobotExpressive01/License-and-Credits.txt
C	??	Assets/CharacterPilotSource/TowerDefenseRobotExpressive01/License-and-Credits.txt.meta
C	??	Assets/CharacterPilotSource/TowerDefenseRobotExpressive01/RobotData.json
C	??	Assets/CharacterPilotSource/TowerDefenseRobotExpressive01/RobotData.json.meta
C	??	Assets/CharacterPilotSource/TowerDefenseRobotExpressive01/RobotExpressive.glb
C	??	Assets/CharacterPilotSource/TowerDefenseRobotExpressive01/RobotExpressive.glb.meta
C	??	Assets/CharacterPilotSource/TowerDefenseRobotExpressive01/SourceProvenance.json
C	??	Assets/CharacterPilotSource/TowerDefenseRobotExpressive01/SourceProvenance.json.meta
A	??	Assets/Game/CharacterPipeline/Generated/PlatformerCrab01.meta
A	??	Assets/Game/CharacterPipeline/Generated/PlatformerCrab01/FinalVAT.asset
A	??	Assets/Game/CharacterPipeline/Generated/PlatformerCrab01/FinalVAT.asset.meta
A	??	Assets/Game/CharacterPipeline/Generated/PlatformerCrab01/Full.asset
A	??	Assets/Game/CharacterPipeline/Generated/PlatformerCrab01/Full.asset.meta
A	??	Assets/Game/CharacterPipeline/Generated/PlatformerCrab01/PipelineReport.json
A	??	Assets/Game/CharacterPipeline/Generated/PlatformerCrab01/PipelineReport.json.meta
A	??	Assets/Game/CharacterPipeline/Generated/PlatformerCrab01/RecipeSnapshot.asset
A	??	Assets/Game/CharacterPipeline/Generated/PlatformerCrab01/RecipeSnapshot.asset.meta
A	??	Assets/Game/CharacterPipeline/Generated/PlatformerCrab01/Unit.asset
A	??	Assets/Game/CharacterPipeline/Generated/PlatformerCrab01/Unit.asset.meta
A	??	Assets/Game/CharacterPipeline/Generated/PlatformerCrab01/Unit_Animation.asset
A	??	Assets/Game/CharacterPipeline/Generated/PlatformerCrab01/Unit_Animation.asset.meta
A	??	Assets/Game/CharacterPipeline/Generated/PlatformerCrab01/Unit_Combat.asset
A	??	Assets/Game/CharacterPipeline/Generated/PlatformerCrab01/Unit_Combat.asset.meta
A	??	Assets/Game/CharacterPipeline/Generated/PlatformerCrab01/Unit_Flocking.asset
A	??	Assets/Game/CharacterPipeline/Generated/PlatformerCrab01/Unit_Flocking.asset.meta
A	??	Assets/Game/CharacterPipeline/Generated/PlatformerCrab01/Unit_Movement.asset
A	??	Assets/Game/CharacterPipeline/Generated/PlatformerCrab01/Unit_Movement.asset.meta
A	??	Assets/Game/CharacterPipeline/Generated/PlatformerCrab01/Unit_Render.asset
A	??	Assets/Game/CharacterPipeline/Generated/PlatformerCrab01/Unit_Render.asset.meta
A	??	Assets/Game/CharacterPipeline/Generated/PlatformerCrab01/Unit_Spawn.asset
A	??	Assets/Game/CharacterPipeline/Generated/PlatformerCrab01/Unit_Spawn.asset.meta
A	??	Assets/Game/CharacterPipeline/Generated/PlatformerEnemy01.meta
A	??	Assets/Game/CharacterPipeline/Generated/PlatformerEnemy01/FinalVAT.asset
A	??	Assets/Game/CharacterPipeline/Generated/PlatformerEnemy01/FinalVAT.asset.meta
A	??	Assets/Game/CharacterPipeline/Generated/PlatformerEnemy01/Full.asset
A	??	Assets/Game/CharacterPipeline/Generated/PlatformerEnemy01/Full.asset.meta
A	??	Assets/Game/CharacterPipeline/Generated/PlatformerEnemy01/PipelineReport.json
A	??	Assets/Game/CharacterPipeline/Generated/PlatformerEnemy01/PipelineReport.json.meta
A	??	Assets/Game/CharacterPipeline/Generated/PlatformerEnemy01/RecipeSnapshot.asset
A	??	Assets/Game/CharacterPipeline/Generated/PlatformerEnemy01/RecipeSnapshot.asset.meta
A	??	Assets/Game/CharacterPipeline/Generated/PlatformerEnemy01/Unit.asset
A	??	Assets/Game/CharacterPipeline/Generated/PlatformerEnemy01/Unit.asset.meta
A	??	Assets/Game/CharacterPipeline/Generated/PlatformerEnemy01/Unit_Animation.asset
A	??	Assets/Game/CharacterPipeline/Generated/PlatformerEnemy01/Unit_Animation.asset.meta
A	??	Assets/Game/CharacterPipeline/Generated/PlatformerEnemy01/Unit_Combat.asset
A	??	Assets/Game/CharacterPipeline/Generated/PlatformerEnemy01/Unit_Combat.asset.meta
A	??	Assets/Game/CharacterPipeline/Generated/PlatformerEnemy01/Unit_Flocking.asset
A	??	Assets/Game/CharacterPipeline/Generated/PlatformerEnemy01/Unit_Flocking.asset.meta
A	??	Assets/Game/CharacterPipeline/Generated/PlatformerEnemy01/Unit_Movement.asset
A	??	Assets/Game/CharacterPipeline/Generated/PlatformerEnemy01/Unit_Movement.asset.meta
A	??	Assets/Game/CharacterPipeline/Generated/PlatformerEnemy01/Unit_Render.asset
A	??	Assets/Game/CharacterPipeline/Generated/PlatformerEnemy01/Unit_Render.asset.meta
A	??	Assets/Game/CharacterPipeline/Generated/PlatformerEnemy01/Unit_Spawn.asset
A	??	Assets/Game/CharacterPipeline/Generated/PlatformerEnemy01/Unit_Spawn.asset.meta
A	??	Assets/Game/CharacterPipeline/Generated/PlatformerSkull01.meta
A	??	Assets/Game/CharacterPipeline/Generated/PlatformerSkull01/FinalVAT.asset
A	??	Assets/Game/CharacterPipeline/Generated/PlatformerSkull01/FinalVAT.asset.meta
A	??	Assets/Game/CharacterPipeline/Generated/PlatformerSkull01/Full.asset
A	??	Assets/Game/CharacterPipeline/Generated/PlatformerSkull01/Full.asset.meta
A	??	Assets/Game/CharacterPipeline/Generated/PlatformerSkull01/PipelineReport.json
A	??	Assets/Game/CharacterPipeline/Generated/PlatformerSkull01/PipelineReport.json.meta
A	??	Assets/Game/CharacterPipeline/Generated/PlatformerSkull01/RecipeSnapshot.asset
A	??	Assets/Game/CharacterPipeline/Generated/PlatformerSkull01/RecipeSnapshot.asset.meta
A	??	Assets/Game/CharacterPipeline/Generated/PlatformerSkull01/Unit.asset
A	??	Assets/Game/CharacterPipeline/Generated/PlatformerSkull01/Unit.asset.meta
A	??	Assets/Game/CharacterPipeline/Generated/PlatformerSkull01/Unit_Animation.asset
A	??	Assets/Game/CharacterPipeline/Generated/PlatformerSkull01/Unit_Animation.asset.meta
A	??	Assets/Game/CharacterPipeline/Generated/PlatformerSkull01/Unit_Combat.asset
A	??	Assets/Game/CharacterPipeline/Generated/PlatformerSkull01/Unit_Combat.asset.meta
A	??	Assets/Game/CharacterPipeline/Generated/PlatformerSkull01/Unit_Flocking.asset
A	??	Assets/Game/CharacterPipeline/Generated/PlatformerSkull01/Unit_Flocking.asset.meta
A	??	Assets/Game/CharacterPipeline/Generated/PlatformerSkull01/Unit_Movement.asset
A	??	Assets/Game/CharacterPipeline/Generated/PlatformerSkull01/Unit_Movement.asset.meta
A	??	Assets/Game/CharacterPipeline/Generated/PlatformerSkull01/Unit_Render.asset
A	??	Assets/Game/CharacterPipeline/Generated/PlatformerSkull01/Unit_Render.asset.meta
A	??	Assets/Game/CharacterPipeline/Generated/PlatformerSkull01/Unit_Spawn.asset
A	??	Assets/Game/CharacterPipeline/Generated/PlatformerSkull01/Unit_Spawn.asset.meta
C	??	Assets/Game/CharacterPipeline/Generated/TowerDefenseRobot01.meta
C	??	Assets/Game/CharacterPipeline/Generated/TowerDefenseRobot01/FinalVAT.asset
C	??	Assets/Game/CharacterPipeline/Generated/TowerDefenseRobot01/FinalVAT.asset.meta
C	??	Assets/Game/CharacterPipeline/Generated/TowerDefenseRobot01/Full.asset
C	??	Assets/Game/CharacterPipeline/Generated/TowerDefenseRobot01/Full.asset.meta
C	??	Assets/Game/CharacterPipeline/Generated/TowerDefenseRobot01/PipelineReport.json
C	??	Assets/Game/CharacterPipeline/Generated/TowerDefenseRobot01/PipelineReport.json.meta
C	??	Assets/Game/CharacterPipeline/Generated/TowerDefenseRobot01/RecipeSnapshot.asset
C	??	Assets/Game/CharacterPipeline/Generated/TowerDefenseRobot01/RecipeSnapshot.asset.meta
C	??	Assets/Game/CharacterPipeline/Generated/TowerDefenseRobot01/Trial.meta
C	??	Assets/Game/CharacterPipeline/Generated/TowerDefenseRobot01/Trial/Battlefield.unity
C	??	Assets/Game/CharacterPipeline/Generated/TowerDefenseRobot01/Trial/Battlefield.unity.meta
C	??	Assets/Game/CharacterPipeline/Generated/TowerDefenseRobot01/Trial/Catalog.asset
C	??	Assets/Game/CharacterPipeline/Generated/TowerDefenseRobot01/Trial/Catalog.asset.meta
C	??	Assets/Game/CharacterPipeline/Generated/TowerDefenseRobot01/Trial/Menu.unity
C	??	Assets/Game/CharacterPipeline/Generated/TowerDefenseRobot01/Trial/Menu.unity.meta
C	??	Assets/Game/CharacterPipeline/Generated/TowerDefenseRobot01/Trial/Opponent1.asset
C	??	Assets/Game/CharacterPipeline/Generated/TowerDefenseRobot01/Trial/Opponent1.asset.meta
C	??	Assets/Game/CharacterPipeline/Generated/TowerDefenseRobot01/Trial/Opponent1_Animation.asset
C	??	Assets/Game/CharacterPipeline/Generated/TowerDefenseRobot01/Trial/Opponent1_Animation.asset.meta
C	??	Assets/Game/CharacterPipeline/Generated/TowerDefenseRobot01/Trial/Opponent1_Combat.asset
C	??	Assets/Game/CharacterPipeline/Generated/TowerDefenseRobot01/Trial/Opponent1_Combat.asset.meta
C	??	Assets/Game/CharacterPipeline/Generated/TowerDefenseRobot01/Trial/Opponent1_Flocking.asset
C	??	Assets/Game/CharacterPipeline/Generated/TowerDefenseRobot01/Trial/Opponent1_Flocking.asset.meta
C	??	Assets/Game/CharacterPipeline/Generated/TowerDefenseRobot01/Trial/Opponent1_Movement.asset
C	??	Assets/Game/CharacterPipeline/Generated/TowerDefenseRobot01/Trial/Opponent1_Movement.asset.meta
C	??	Assets/Game/CharacterPipeline/Generated/TowerDefenseRobot01/Trial/Opponent1_Render.asset
C	??	Assets/Game/CharacterPipeline/Generated/TowerDefenseRobot01/Trial/Opponent1_Render.asset.meta
C	??	Assets/Game/CharacterPipeline/Generated/TowerDefenseRobot01/Trial/Opponent1_Spawn.asset
C	??	Assets/Game/CharacterPipeline/Generated/TowerDefenseRobot01/Trial/Opponent1_Spawn.asset.meta
C	??	Assets/Game/CharacterPipeline/Generated/TowerDefenseRobot01/Trial/RobotPreview.png
C	??	Assets/Game/CharacterPipeline/Generated/TowerDefenseRobot01/Trial/RobotPreview.png.meta
C	??	Assets/Game/CharacterPipeline/Generated/TowerDefenseRobot01/Trial/RobotPreview02.png
C	??	Assets/Game/CharacterPipeline/Generated/TowerDefenseRobot01/Trial/RobotPreview02.png.meta
C	??	Assets/Game/CharacterPipeline/Generated/TowerDefenseRobot01/Trial/Scenario.asset
C	??	Assets/Game/CharacterPipeline/Generated/TowerDefenseRobot01/Trial/Scenario.asset.meta
C	??	Assets/Game/CharacterPipeline/Generated/TowerDefenseRobot01/Unit.asset
C	??	Assets/Game/CharacterPipeline/Generated/TowerDefenseRobot01/Unit.asset.meta
C	??	Assets/Game/CharacterPipeline/Generated/TowerDefenseRobot01/Unit_Animation.asset
C	??	Assets/Game/CharacterPipeline/Generated/TowerDefenseRobot01/Unit_Animation.asset.meta
C	??	Assets/Game/CharacterPipeline/Generated/TowerDefenseRobot01/Unit_Combat.asset
C	??	Assets/Game/CharacterPipeline/Generated/TowerDefenseRobot01/Unit_Combat.asset.meta
C	??	Assets/Game/CharacterPipeline/Generated/TowerDefenseRobot01/Unit_Flocking.asset
C	??	Assets/Game/CharacterPipeline/Generated/TowerDefenseRobot01/Unit_Flocking.asset.meta
C	??	Assets/Game/CharacterPipeline/Generated/TowerDefenseRobot01/Unit_Movement.asset
C	??	Assets/Game/CharacterPipeline/Generated/TowerDefenseRobot01/Unit_Movement.asset.meta
C	??	Assets/Game/CharacterPipeline/Generated/TowerDefenseRobot01/Unit_Render.asset
C	??	Assets/Game/CharacterPipeline/Generated/TowerDefenseRobot01/Unit_Render.asset.meta
C	??	Assets/Game/CharacterPipeline/Generated/TowerDefenseRobot01/Unit_Spawn.asset
C	??	Assets/Game/CharacterPipeline/Generated/TowerDefenseRobot01/Unit_Spawn.asset.meta
A	??	Assets/Game/CharacterPipeline/Recipes/PlatformerCrab01.asset
A	??	Assets/Game/CharacterPipeline/Recipes/PlatformerCrab01.asset.meta
A	??	Assets/Game/CharacterPipeline/Recipes/PlatformerEnemy01.asset
A	??	Assets/Game/CharacterPipeline/Recipes/PlatformerEnemy01.asset.meta
A	??	Assets/Game/CharacterPipeline/Recipes/PlatformerSkull01.asset
A	??	Assets/Game/CharacterPipeline/Recipes/PlatformerSkull01.asset.meta
A	??	Assets/Game/Editor/CharacterPipeline/PlatformerBatch6Builder.cs
A	??	Assets/Game/Editor/CharacterPipeline/PlatformerBatch6Builder.cs.meta
A	??	Assets/Game/Editor/CharacterPipeline/PlatformerBatch6DeliveryBuilder.cs
A	??	Assets/Game/Editor/CharacterPipeline/PlatformerBatch6DeliveryBuilder.cs.meta
C	??	Assets/Game/Editor/CharacterPipeline/RobotExpressiveBuilder.cs
C	??	Assets/Game/Editor/CharacterPipeline/RobotExpressiveBuilder.cs.meta
C	??	Assets/Game/Editor/CharacterPipeline/RobotExpressiveCapture.cs
C	??	Assets/Game/Editor/CharacterPipeline/RobotExpressiveCapture.cs.meta
C	??	Assets/Game/Editor/CharacterPipeline/RobotExpressiveData.cs
C	??	Assets/Game/Editor/CharacterPipeline/RobotExpressiveData.cs.meta
A	??	Assets/Game/Editor/CharacterPipeline/Troops6Builder.cs
A	??	Assets/Game/Editor/CharacterPipeline/Troops6Builder.cs.meta
B	??	Assets/Game/Editor/OfficialRosterQualityBuilder.cs
B	??	Assets/Game/Editor/OfficialRosterQualityBuilder.cs.meta
B	??	Assets/Game/Editor/PlatformerSourceReview.cs
B	??	Assets/Game/Editor/PlatformerSourceReview.cs.meta
C	??	Assets/Game/Editor/RobotExpressiveAdmissionBuilder.cs
C	??	Assets/Game/Editor/RobotExpressiveAdmissionBuilder.cs.meta
C	??	Assets/Game/Editor/RobotExpressiveOverviewFix.cs
C	??	Assets/Game/Editor/RobotExpressiveOverviewFix.cs.meta
A	??	Assets/Game/OfficialRoster/Version06.meta
A	??	Assets/Game/OfficialRoster/Version06/Catalog.asset
A	??	Assets/Game/OfficialRoster/Version06/Catalog.asset.meta
A	??	Assets/Game/OfficialRoster/Version06/LaunchMenu.unity
A	??	Assets/Game/OfficialRoster/Version06/LaunchMenu.unity.meta
A	??	Assets/Game/OfficialRoster/Version06/Previews.meta
A	??	Assets/Game/OfficialRoster/Version06/Previews/cavalry-mounted-knight.png
A	??	Assets/Game/OfficialRoster/Version06/Previews/cavalry-mounted-knight.png.meta
A	??	Assets/Game/OfficialRoster/Version06/Previews/dragons-dragon-evolved-phalanx.png
A	??	Assets/Game/OfficialRoster/Version06/Previews/dragons-dragon-evolved-phalanx.png.meta
A	??	Assets/Game/OfficialRoster/Version06/Previews/dragons-dragon-evolved.png
A	??	Assets/Game/OfficialRoster/Version06/Previews/dragons-dragon-evolved.png.meta
A	??	Assets/Game/OfficialRoster/Version06/Previews/dragons-dragon-phalanx.png
A	??	Assets/Game/OfficialRoster/Version06/Previews/dragons-dragon-phalanx.png.meta
A	??	Assets/Game/OfficialRoster/Version06/Previews/dragons-dragon.png
A	??	Assets/Game/OfficialRoster/Version06/Previews/dragons-dragon.png.meta
A	??	Assets/Game/OfficialRoster/Version06/Previews/giants-alien.png
A	??	Assets/Game/OfficialRoster/Version06/Previews/giants-alien.png.meta
A	??	Assets/Game/OfficialRoster/Version06/Previews/giants-bluedemon.png
A	??	Assets/Game/OfficialRoster/Version06/Previews/giants-bluedemon.png.meta
A	??	Assets/Game/OfficialRoster/Version06/Previews/giants-demon.png
A	??	Assets/Game/OfficialRoster/Version06/Previews/giants-demon.png.meta
A	??	Assets/Game/OfficialRoster/Version06/Previews/giants-dino.png
A	??	Assets/Game/OfficialRoster/Version06/Previews/giants-dino.png.meta
A	??	Assets/Game/OfficialRoster/Version06/Previews/giants-yeti.png
A	??	Assets/Game/OfficialRoster/Version06/Previews/giants-yeti.png.meta
A	??	Assets/Game/OfficialRoster/Version06/Previews/nonhuman2-spider.png
A	??	Assets/Game/OfficialRoster/Version06/Previews/nonhuman2-spider.png.meta
A	??	Assets/Game/OfficialRoster/Version06/Previews/nonhuman2-stegosaurus.png
A	??	Assets/Game/OfficialRoster/Version06/Previews/nonhuman2-stegosaurus.png.meta
A	??	Assets/Game/OfficialRoster/Version06/Previews/nonhuman2-triceratops.png
A	??	Assets/Game/OfficialRoster/Version06/Previews/nonhuman2-triceratops.png.meta
A	??	Assets/Game/OfficialRoster/Version06/Previews/troops4-ninja.png
A	??	Assets/Game/OfficialRoster/Version06/Previews/troops4-ninja.png.meta
A	??	Assets/Game/OfficialRoster/Version06/Previews/troops4-orcskull.png
A	??	Assets/Game/OfficialRoster/Version06/Previews/troops4-orcskull.png.meta
A	??	Assets/Game/OfficialRoster/Version06/Previews/troops4-tribal.png
A	??	Assets/Game/OfficialRoster/Version06/Previews/troops4-tribal.png.meta
A	??	Assets/Game/OfficialRoster/Version06/Previews/troops5-cactoro.png
A	??	Assets/Game/OfficialRoster/Version06/Previews/troops5-cactoro.png.meta
A	??	Assets/Game/OfficialRoster/Version06/Previews/troops5-frog.png
A	??	Assets/Game/OfficialRoster/Version06/Previews/troops5-frog.png.meta
A	??	Assets/Game/OfficialRoster/Version06/Previews/troops5-monkroose.png
A	??	Assets/Game/OfficialRoster/Version06/Previews/troops5-monkroose.png.meta
A	??	Assets/Game/OfficialRoster/Version06/Previews/troops6-crab.png
A	??	Assets/Game/OfficialRoster/Version06/Previews/troops6-crab.png.meta
A	??	Assets/Game/OfficialRoster/Version06/Previews/troops6-enemy.png
A	??	Assets/Game/OfficialRoster/Version06/Previews/troops6-enemy.png.meta
A	??	Assets/Game/OfficialRoster/Version06/Previews/troops6-skull.png
A	??	Assets/Game/OfficialRoster/Version06/Previews/troops6-skull.png.meta
A	??	Assets/Game/OfficialRoster/Version06/Previews/unified-all-regular.png
A	??	Assets/Game/OfficialRoster/Version06/Previews/unified-all-regular.png.meta
A	??	Assets/Game/OfficialRoster/Version06/Previews/unified-large.png
A	??	Assets/Game/OfficialRoster/Version06/Previews/unified-large.png.meta
A	??	Assets/Game/OfficialRoster/Version06/Previews/unified-regular.png
A	??	Assets/Game/OfficialRoster/Version06/Previews/unified-regular.png.meta
B	??	Assets/Game/OfficialRoster/Version07.meta
B	??	Assets/Game/OfficialRoster/Version07/Catalog.asset
B	??	Assets/Game/OfficialRoster/Version07/Catalog.asset.meta
B	??	Assets/Game/OfficialRoster/Version07/LaunchMenu.unity
B	??	Assets/Game/OfficialRoster/Version07/LaunchMenu.unity.meta
B	??	Assets/Game/OfficialRoster/Version07/Previews.meta
B	??	Assets/Game/OfficialRoster/Version07/Previews/cavalry-mounted-knight.png
B	??	Assets/Game/OfficialRoster/Version07/Previews/cavalry-mounted-knight.png.meta
B	??	Assets/Game/OfficialRoster/Version07/Previews/dragons-dragon-evolved-phalanx.png
B	??	Assets/Game/OfficialRoster/Version07/Previews/dragons-dragon-evolved-phalanx.png.meta
B	??	Assets/Game/OfficialRoster/Version07/Previews/dragons-dragon-evolved.png
B	??	Assets/Game/OfficialRoster/Version07/Previews/dragons-dragon-evolved.png.meta
B	??	Assets/Game/OfficialRoster/Version07/Previews/dragons-dragon-phalanx.png
B	??	Assets/Game/OfficialRoster/Version07/Previews/dragons-dragon-phalanx.png.meta
B	??	Assets/Game/OfficialRoster/Version07/Previews/dragons-dragon.png
B	??	Assets/Game/OfficialRoster/Version07/Previews/dragons-dragon.png.meta
B	??	Assets/Game/OfficialRoster/Version07/Previews/giants-alien.png
B	??	Assets/Game/OfficialRoster/Version07/Previews/giants-alien.png.meta
B	??	Assets/Game/OfficialRoster/Version07/Previews/giants-bluedemon.png
B	??	Assets/Game/OfficialRoster/Version07/Previews/giants-bluedemon.png.meta
B	??	Assets/Game/OfficialRoster/Version07/Previews/giants-demon.png
B	??	Assets/Game/OfficialRoster/Version07/Previews/giants-demon.png.meta
B	??	Assets/Game/OfficialRoster/Version07/Previews/giants-dino.png
B	??	Assets/Game/OfficialRoster/Version07/Previews/giants-dino.png.meta
B	??	Assets/Game/OfficialRoster/Version07/Previews/giants-yeti.png
B	??	Assets/Game/OfficialRoster/Version07/Previews/giants-yeti.png.meta
B	??	Assets/Game/OfficialRoster/Version07/Previews/nonhuman2-spider.png
B	??	Assets/Game/OfficialRoster/Version07/Previews/nonhuman2-spider.png.meta
B	??	Assets/Game/OfficialRoster/Version07/Previews/nonhuman2-stegosaurus.png
B	??	Assets/Game/OfficialRoster/Version07/Previews/nonhuman2-stegosaurus.png.meta
B	??	Assets/Game/OfficialRoster/Version07/Previews/nonhuman2-triceratops.png
B	??	Assets/Game/OfficialRoster/Version07/Previews/nonhuman2-triceratops.png.meta
B	??	Assets/Game/OfficialRoster/Version07/Previews/troops4-ninja.png
B	??	Assets/Game/OfficialRoster/Version07/Previews/troops4-ninja.png.meta
B	??	Assets/Game/OfficialRoster/Version07/Previews/troops4-orcskull.png
B	??	Assets/Game/OfficialRoster/Version07/Previews/troops4-orcskull.png.meta
B	??	Assets/Game/OfficialRoster/Version07/Previews/troops4-tribal.png
B	??	Assets/Game/OfficialRoster/Version07/Previews/troops4-tribal.png.meta
B	??	Assets/Game/OfficialRoster/Version07/Previews/troops5-cactoro.png
B	??	Assets/Game/OfficialRoster/Version07/Previews/troops5-cactoro.png.meta
B	??	Assets/Game/OfficialRoster/Version07/Previews/troops5-frog.png
B	??	Assets/Game/OfficialRoster/Version07/Previews/troops5-frog.png.meta
B	??	Assets/Game/OfficialRoster/Version07/Previews/troops5-monkroose.png
B	??	Assets/Game/OfficialRoster/Version07/Previews/troops5-monkroose.png.meta
B	??	Assets/Game/OfficialRoster/Version07/Previews/troops6-crab.png
B	??	Assets/Game/OfficialRoster/Version07/Previews/troops6-crab.png.meta
B	??	Assets/Game/OfficialRoster/Version07/Previews/troops6-enemy.png
B	??	Assets/Game/OfficialRoster/Version07/Previews/troops6-enemy.png.meta
B	??	Assets/Game/OfficialRoster/Version07/Previews/troops6-skull.png
B	??	Assets/Game/OfficialRoster/Version07/Previews/troops6-skull.png.meta
B	??	Assets/Game/OfficialRoster/Version07/Previews/unified-all-regular.png
B	??	Assets/Game/OfficialRoster/Version07/Previews/unified-all-regular.png.meta
B	??	Assets/Game/OfficialRoster/Version07/Previews/unified-large.png
B	??	Assets/Game/OfficialRoster/Version07/Previews/unified-large.png.meta
B	??	Assets/Game/OfficialRoster/Version07/Previews/unified-regular.png
B	??	Assets/Game/OfficialRoster/Version07/Previews/unified-regular.png.meta
B	??	Assets/Game/OfficialRoster/Version07/UnitPreviews.meta
B	??	Assets/Game/OfficialRoster/Version07/UnitPreviews/launch-open-unit-0.png
B	??	Assets/Game/OfficialRoster/Version07/UnitPreviews/launch-open-unit-0.png.meta
B	??	Assets/Game/OfficialRoster/Version07/UnitPreviews/launch-open-unit-2.png
B	??	Assets/Game/OfficialRoster/Version07/UnitPreviews/launch-open-unit-2.png.meta
B	??	Assets/Game/OfficialRoster/Version07/UnitPreviews/roster-cactoro.png
B	??	Assets/Game/OfficialRoster/Version07/UnitPreviews/roster-cactoro.png.meta
B	??	Assets/Game/OfficialRoster/Version07/UnitPreviews/roster-dragon-evolved.png
B	??	Assets/Game/OfficialRoster/Version07/UnitPreviews/roster-dragon-evolved.png.meta
B	??	Assets/Game/OfficialRoster/Version07/UnitPreviews/roster-dragon.png
B	??	Assets/Game/OfficialRoster/Version07/UnitPreviews/roster-dragon.png.meta
B	??	Assets/Game/OfficialRoster/Version07/UnitPreviews/roster-frog.png
B	??	Assets/Game/OfficialRoster/Version07/UnitPreviews/roster-frog.png.meta
B	??	Assets/Game/OfficialRoster/Version07/UnitPreviews/roster-giant-alien.png
B	??	Assets/Game/OfficialRoster/Version07/UnitPreviews/roster-giant-alien.png.meta
B	??	Assets/Game/OfficialRoster/Version07/UnitPreviews/roster-giant-bluedemon.png
B	??	Assets/Game/OfficialRoster/Version07/UnitPreviews/roster-giant-bluedemon.png.meta
B	??	Assets/Game/OfficialRoster/Version07/UnitPreviews/roster-giant-demon.png
B	??	Assets/Game/OfficialRoster/Version07/UnitPreviews/roster-giant-demon.png.meta
B	??	Assets/Game/OfficialRoster/Version07/UnitPreviews/roster-giant-dino.png
B	??	Assets/Game/OfficialRoster/Version07/UnitPreviews/roster-giant-dino.png.meta
B	??	Assets/Game/OfficialRoster/Version07/UnitPreviews/roster-giant-yeti.png
B	??	Assets/Game/OfficialRoster/Version07/UnitPreviews/roster-giant-yeti.png.meta
B	??	Assets/Game/OfficialRoster/Version07/UnitPreviews/roster-knight.png
B	??	Assets/Game/OfficialRoster/Version07/UnitPreviews/roster-knight.png.meta
B	??	Assets/Game/OfficialRoster/Version07/UnitPreviews/roster-large-bull.png
B	??	Assets/Game/OfficialRoster/Version07/UnitPreviews/roster-large-bull.png.meta
B	??	Assets/Game/OfficialRoster/Version07/UnitPreviews/roster-large-wolf.png
B	??	Assets/Game/OfficialRoster/Version07/UnitPreviews/roster-large-wolf.png.meta
B	??	Assets/Game/OfficialRoster/Version07/UnitPreviews/roster-legacy-skeleton.png
B	??	Assets/Game/OfficialRoster/Version07/UnitPreviews/roster-legacy-skeleton.png.meta
B	??	Assets/Game/OfficialRoster/Version07/UnitPreviews/roster-male.png
B	??	Assets/Game/OfficialRoster/Version07/UnitPreviews/roster-male.png.meta
B	??	Assets/Game/OfficialRoster/Version07/UnitPreviews/roster-monkroose.png
B	??	Assets/Game/OfficialRoster/Version07/UnitPreviews/roster-monkroose.png.meta
B	??	Assets/Game/OfficialRoster/Version07/UnitPreviews/roster-mounted-knight.png
B	??	Assets/Game/OfficialRoster/Version07/UnitPreviews/roster-mounted-knight.png.meta
B	??	Assets/Game/OfficialRoster/Version07/UnitPreviews/roster-mushroom.png
B	??	Assets/Game/OfficialRoster/Version07/UnitPreviews/roster-mushroom.png.meta
B	??	Assets/Game/OfficialRoster/Version07/UnitPreviews/roster-ninja.png
B	??	Assets/Game/OfficialRoster/Version07/UnitPreviews/roster-ninja.png.meta
B	??	Assets/Game/OfficialRoster/Version07/UnitPreviews/roster-orc.png
B	??	Assets/Game/OfficialRoster/Version07/UnitPreviews/roster-orc.png.meta
B	??	Assets/Game/OfficialRoster/Version07/UnitPreviews/roster-orcskull.png
B	??	Assets/Game/OfficialRoster/Version07/UnitPreviews/roster-orcskull.png.meta
B	??	Assets/Game/OfficialRoster/Version07/UnitPreviews/roster-platformer-crab.png
B	??	Assets/Game/OfficialRoster/Version07/UnitPreviews/roster-platformer-crab.png.meta
B	??	Assets/Game/OfficialRoster/Version07/UnitPreviews/roster-ranger.png
B	??	Assets/Game/OfficialRoster/Version07/UnitPreviews/roster-ranger.png.meta
B	??	Assets/Game/OfficialRoster/Version07/UnitPreviews/roster-skeleton-mage.png
B	??	Assets/Game/OfficialRoster/Version07/UnitPreviews/roster-skeleton-mage.png.meta
B	??	Assets/Game/OfficialRoster/Version07/UnitPreviews/roster-skeleton-rogue.png
B	??	Assets/Game/OfficialRoster/Version07/UnitPreviews/roster-skeleton-rogue.png.meta
B	??	Assets/Game/OfficialRoster/Version07/UnitPreviews/roster-skeleton-warrior.png
B	??	Assets/Game/OfficialRoster/Version07/UnitPreviews/roster-skeleton-warrior.png.meta
B	??	Assets/Game/OfficialRoster/Version07/UnitPreviews/roster-spider.png
B	??	Assets/Game/OfficialRoster/Version07/UnitPreviews/roster-spider.png.meta
B	??	Assets/Game/OfficialRoster/Version07/UnitPreviews/roster-stegosaurus.png
B	??	Assets/Game/OfficialRoster/Version07/UnitPreviews/roster-stegosaurus.png.meta
B	??	Assets/Game/OfficialRoster/Version07/UnitPreviews/roster-tribal.png
B	??	Assets/Game/OfficialRoster/Version07/UnitPreviews/roster-tribal.png.meta
B	??	Assets/Game/OfficialRoster/Version07/UnitPreviews/roster-triceratops.png
B	??	Assets/Game/OfficialRoster/Version07/UnitPreviews/roster-triceratops.png.meta
B	??	Assets/Game/OfficialRoster/Version07/UnitPreviews/roster-unitychan.png
B	??	Assets/Game/OfficialRoster/Version07/UnitPreviews/roster-unitychan.png.meta
B	??	Assets/Game/OfficialRoster/Version07/UnitPreviews/roster-yeti.png
B	??	Assets/Game/OfficialRoster/Version07/UnitPreviews/roster-yeti.png.meta
C	??	Assets/Game/OfficialRoster/Version08.meta
C	??	Assets/Game/OfficialRoster/Version08/Admission.json
C	??	Assets/Game/OfficialRoster/Version08/Admission.json.meta
C	??	Assets/Game/OfficialRoster/Version08/Catalog.asset
C	??	Assets/Game/OfficialRoster/Version08/Catalog.asset.meta
C	??	Assets/Game/OfficialRoster/Version08/LaunchMenu.unity
C	??	Assets/Game/OfficialRoster/Version08/LaunchMenu.unity.meta
C	??	Assets/Game/OfficialRoster/Version08/Previews.meta
C	??	Assets/Game/OfficialRoster/Version08/Previews/robot-expressive-player.png
C	??	Assets/Game/OfficialRoster/Version08/Previews/robot-expressive-player.png.meta
C	??	Assets/Game/OfficialRoster/Version08/Previews/robot-expressive.png
C	??	Assets/Game/OfficialRoster/Version08/Previews/robot-expressive.png.meta
C	??	Assets/Game/OfficialRoster/Version08/Robot.meta
C	??	Assets/Game/OfficialRoster/Version08/Robot/Robot.asset
C	??	Assets/Game/OfficialRoster/Version08/Robot/Robot.asset.meta
C	??	Assets/Game/OfficialRoster/Version08/Robot/Robot_Animation.asset
C	??	Assets/Game/OfficialRoster/Version08/Robot/Robot_Animation.asset.meta
C	??	Assets/Game/OfficialRoster/Version08/Robot/Robot_Combat.asset
C	??	Assets/Game/OfficialRoster/Version08/Robot/Robot_Combat.asset.meta
C	??	Assets/Game/OfficialRoster/Version08/Robot/Robot_Flocking.asset
C	??	Assets/Game/OfficialRoster/Version08/Robot/Robot_Flocking.asset.meta
C	??	Assets/Game/OfficialRoster/Version08/Robot/Robot_Movement.asset
C	??	Assets/Game/OfficialRoster/Version08/Robot/Robot_Movement.asset.meta
C	??	Assets/Game/OfficialRoster/Version08/Robot/Robot_Render.asset
C	??	Assets/Game/OfficialRoster/Version08/Robot/Robot_Render.asset.meta
C	??	Assets/Game/OfficialRoster/Version08/Robot/Robot_Spawn.asset
C	??	Assets/Game/OfficialRoster/Version08/Robot/Robot_Spawn.asset.meta
C	??	Assets/Game/OfficialRoster/Version08/Robot/RosterPolicy.asset
C	??	Assets/Game/OfficialRoster/Version08/Robot/RosterPolicy.asset.meta
C	??	Assets/Game/OfficialRoster/Version08/Robot/Scenario.asset
C	??	Assets/Game/OfficialRoster/Version08/Robot/Scenario.asset.meta
C	??	Assets/Game/OfficialRoster/Version08/RobotBattlefield.unity
C	??	Assets/Game/OfficialRoster/Version08/RobotBattlefield.unity.meta
C	??	Assets/Game/OfficialRoster/Version08/UnitPreviews.meta
C	??	Assets/Game/OfficialRoster/Version08/UnitPreviews/roster-robot-expressive.png
C	??	Assets/Game/OfficialRoster/Version08/UnitPreviews/roster-robot-expressive.png.meta
A	??	Assets/Game/PlatformerBatch6.meta
A	??	Assets/Game/PlatformerBatch6/Prepared01.meta
A	??	Assets/Game/PlatformerBatch6/Prepared01/Crab.meta
A	??	Assets/Game/PlatformerBatch6/Prepared01/Crab/Attack.anim
A	??	Assets/Game/PlatformerBatch6/Prepared01/Crab/Attack.anim.meta
A	??	Assets/Game/PlatformerBatch6/Prepared01/Crab/CrabCanonicalPalette.asset
A	??	Assets/Game/PlatformerBatch6/Prepared01/Crab/CrabCanonicalPalette.asset.meta
A	??	Assets/Game/PlatformerBatch6/Prepared01/Crab/CrabMid.mat
A	??	Assets/Game/PlatformerBatch6/Prepared01/Crab/CrabMid.mat.meta
A	??	Assets/Game/PlatformerBatch6/Prepared01/Crab/CrabNear.mat
A	??	Assets/Game/PlatformerBatch6/Prepared01/Crab/CrabNear.mat.meta
A	??	Assets/Game/PlatformerBatch6/Prepared01/Crab/Death.anim
A	??	Assets/Game/PlatformerBatch6/Prepared01/Crab/Death.anim.meta
A	??	Assets/Game/PlatformerBatch6/Prepared01/Crab/Idle.anim
A	??	Assets/Game/PlatformerBatch6/Prepared01/Crab/Idle.anim.meta
A	??	Assets/Game/PlatformerBatch6/Prepared01/Crab/Move.anim
A	??	Assets/Game/PlatformerBatch6/Prepared01/Crab/Move.anim.meta
A	??	Assets/Game/PlatformerBatch6/Prepared01/Crab/Palette.asset
A	??	Assets/Game/PlatformerBatch6/Prepared01/Crab/Palette.asset.meta
A	??	Assets/Game/PlatformerBatch6/Prepared01/Crab/Prepared.prefab
A	??	Assets/Game/PlatformerBatch6/Prepared01/Crab/Prepared.prefab.meta
A	??	Assets/Game/PlatformerBatch6/Prepared01/Crab/Template.asset
A	??	Assets/Game/PlatformerBatch6/Prepared01/Crab/Template.asset.meta
A	??	Assets/Game/PlatformerBatch6/Prepared01/Crab/Template_Animation.asset
A	??	Assets/Game/PlatformerBatch6/Prepared01/Crab/Template_Animation.asset.meta
A	??	Assets/Game/PlatformerBatch6/Prepared01/Crab/Template_Combat.asset
A	??	Assets/Game/PlatformerBatch6/Prepared01/Crab/Template_Combat.asset.meta
A	??	Assets/Game/PlatformerBatch6/Prepared01/Crab/Template_Flocking.asset
A	??	Assets/Game/PlatformerBatch6/Prepared01/Crab/Template_Flocking.asset.meta
A	??	Assets/Game/PlatformerBatch6/Prepared01/Crab/Template_Movement.asset
A	??	Assets/Game/PlatformerBatch6/Prepared01/Crab/Template_Movement.asset.meta
A	??	Assets/Game/PlatformerBatch6/Prepared01/Crab/Template_Render.asset
A	??	Assets/Game/PlatformerBatch6/Prepared01/Crab/Template_Render.asset.meta
A	??	Assets/Game/PlatformerBatch6/Prepared01/Crab/Template_Spawn.asset
A	??	Assets/Game/PlatformerBatch6/Prepared01/Crab/Template_Spawn.asset.meta
A	??	Assets/Game/PlatformerBatch6/Prepared01/Enemy.meta
A	??	Assets/Game/PlatformerBatch6/Prepared01/Enemy/Attack.anim
A	??	Assets/Game/PlatformerBatch6/Prepared01/Enemy/Attack.anim.meta
A	??	Assets/Game/PlatformerBatch6/Prepared01/Enemy/Death.anim
A	??	Assets/Game/PlatformerBatch6/Prepared01/Enemy/Death.anim.meta
A	??	Assets/Game/PlatformerBatch6/Prepared01/Enemy/EnemyMid.mat
A	??	Assets/Game/PlatformerBatch6/Prepared01/Enemy/EnemyMid.mat.meta
A	??	Assets/Game/PlatformerBatch6/Prepared01/Enemy/EnemyNear.mat
A	??	Assets/Game/PlatformerBatch6/Prepared01/Enemy/EnemyNear.mat.meta
A	??	Assets/Game/PlatformerBatch6/Prepared01/Enemy/Enemy_BodyCanonicalPalette.asset
A	??	Assets/Game/PlatformerBatch6/Prepared01/Enemy/Enemy_BodyCanonicalPalette.asset.meta
A	??	Assets/Game/PlatformerBatch6/Prepared01/Enemy/Enemy_EyesCanonicalPalette.asset
A	??	Assets/Game/PlatformerBatch6/Prepared01/Enemy/Enemy_EyesCanonicalPalette.asset.meta
A	??	Assets/Game/PlatformerBatch6/Prepared01/Enemy/Enemy_FaceCanonicalPalette.asset
A	??	Assets/Game/PlatformerBatch6/Prepared01/Enemy/Enemy_FaceCanonicalPalette.asset.meta
A	??	Assets/Game/PlatformerBatch6/Prepared01/Enemy/Idle.anim
A	??	Assets/Game/PlatformerBatch6/Prepared01/Enemy/Idle.anim.meta
A	??	Assets/Game/PlatformerBatch6/Prepared01/Enemy/Move.anim
A	??	Assets/Game/PlatformerBatch6/Prepared01/Enemy/Move.anim.meta
A	??	Assets/Game/PlatformerBatch6/Prepared01/Enemy/Palette.asset
A	??	Assets/Game/PlatformerBatch6/Prepared01/Enemy/Palette.asset.meta
A	??	Assets/Game/PlatformerBatch6/Prepared01/Enemy/Prepared.prefab
A	??	Assets/Game/PlatformerBatch6/Prepared01/Enemy/Prepared.prefab.meta
A	??	Assets/Game/PlatformerBatch6/Prepared01/Enemy/Template.asset
A	??	Assets/Game/PlatformerBatch6/Prepared01/Enemy/Template.asset.meta
A	??	Assets/Game/PlatformerBatch6/Prepared01/Enemy/Template_Animation.asset
A	??	Assets/Game/PlatformerBatch6/Prepared01/Enemy/Template_Animation.asset.meta
A	??	Assets/Game/PlatformerBatch6/Prepared01/Enemy/Template_Combat.asset
A	??	Assets/Game/PlatformerBatch6/Prepared01/Enemy/Template_Combat.asset.meta
A	??	Assets/Game/PlatformerBatch6/Prepared01/Enemy/Template_Flocking.asset
A	??	Assets/Game/PlatformerBatch6/Prepared01/Enemy/Template_Flocking.asset.meta
A	??	Assets/Game/PlatformerBatch6/Prepared01/Enemy/Template_Movement.asset
A	??	Assets/Game/PlatformerBatch6/Prepared01/Enemy/Template_Movement.asset.meta
A	??	Assets/Game/PlatformerBatch6/Prepared01/Enemy/Template_Render.asset
A	??	Assets/Game/PlatformerBatch6/Prepared01/Enemy/Template_Render.asset.meta
A	??	Assets/Game/PlatformerBatch6/Prepared01/Enemy/Template_Spawn.asset
A	??	Assets/Game/PlatformerBatch6/Prepared01/Enemy/Template_Spawn.asset.meta
A	??	Assets/Game/PlatformerBatch6/Prepared01/Integrated.meta
A	??	Assets/Game/PlatformerBatch6/Prepared01/Integrated/Catalog.asset
A	??	Assets/Game/PlatformerBatch6/Prepared01/Integrated/Catalog.asset.meta
A	??	Assets/Game/PlatformerBatch6/Prepared01/Integrated/Library.meta
A	??	Assets/Game/PlatformerBatch6/Prepared01/Integrated/Menu.unity
A	??	Assets/Game/PlatformerBatch6/Prepared01/Integrated/Menu.unity.meta
A	??	Assets/Game/PlatformerBatch6/Prepared01/Integrated/RegularPolicy.asset
A	??	Assets/Game/PlatformerBatch6/Prepared01/Integrated/RegularPolicy.asset.meta
A	??	Assets/Game/PlatformerBatch6/Prepared01/Integrated/crabBattlefield.unity
A	??	Assets/Game/PlatformerBatch6/Prepared01/Integrated/crabBattlefield.unity.meta
A	??	Assets/Game/PlatformerBatch6/Prepared01/Integrated/crabScenario.asset
A	??	Assets/Game/PlatformerBatch6/Prepared01/Integrated/crabScenario.asset.meta
A	??	Assets/Game/PlatformerBatch6/Prepared01/Integrated/enemyBattlefield.unity
A	??	Assets/Game/PlatformerBatch6/Prepared01/Integrated/enemyBattlefield.unity.meta
A	??	Assets/Game/PlatformerBatch6/Prepared01/Integrated/enemyScenario.asset
A	??	Assets/Game/PlatformerBatch6/Prepared01/Integrated/enemyScenario.asset.meta
A	??	Assets/Game/PlatformerBatch6/Prepared01/Integrated/skullBattlefield.unity
A	??	Assets/Game/PlatformerBatch6/Prepared01/Integrated/skullBattlefield.unity.meta
A	??	Assets/Game/PlatformerBatch6/Prepared01/Integrated/skullScenario.asset
A	??	Assets/Game/PlatformerBatch6/Prepared01/Integrated/skullScenario.asset.meta
A	??	Assets/Game/PlatformerBatch6/Prepared01/Skull.meta
A	??	Assets/Game/PlatformerBatch6/Prepared01/Skull/Attack.anim
A	??	Assets/Game/PlatformerBatch6/Prepared01/Skull/Attack.anim.meta
A	??	Assets/Game/PlatformerBatch6/Prepared01/Skull/Death.anim
A	??	Assets/Game/PlatformerBatch6/Prepared01/Skull/Death.anim.meta
A	??	Assets/Game/PlatformerBatch6/Prepared01/Skull/Idle.anim
A	??	Assets/Game/PlatformerBatch6/Prepared01/Skull/Idle.anim.meta
A	??	Assets/Game/PlatformerBatch6/Prepared01/Skull/Move.anim
A	??	Assets/Game/PlatformerBatch6/Prepared01/Skull/Move.anim.meta
A	??	Assets/Game/PlatformerBatch6/Prepared01/Skull/Palette.asset
A	??	Assets/Game/PlatformerBatch6/Prepared01/Skull/Palette.asset.meta
A	??	Assets/Game/PlatformerBatch6/Prepared01/Skull/Prepared.prefab
A	??	Assets/Game/PlatformerBatch6/Prepared01/Skull/Prepared.prefab.meta
A	??	Assets/Game/PlatformerBatch6/Prepared01/Skull/SkullCanonicalPalette.asset
A	??	Assets/Game/PlatformerBatch6/Prepared01/Skull/SkullCanonicalPalette.asset.meta
A	??	Assets/Game/PlatformerBatch6/Prepared01/Skull/SkullMid.mat
A	??	Assets/Game/PlatformerBatch6/Prepared01/Skull/SkullMid.mat.meta
A	??	Assets/Game/PlatformerBatch6/Prepared01/Skull/SkullNear.mat
A	??	Assets/Game/PlatformerBatch6/Prepared01/Skull/SkullNear.mat.meta
A	??	Assets/Game/PlatformerBatch6/Prepared01/Skull/Template.asset
A	??	Assets/Game/PlatformerBatch6/Prepared01/Skull/Template.asset.meta
A	??	Assets/Game/PlatformerBatch6/Prepared01/Skull/Template_Animation.asset
A	??	Assets/Game/PlatformerBatch6/Prepared01/Skull/Template_Animation.asset.meta
A	??	Assets/Game/PlatformerBatch6/Prepared01/Skull/Template_Combat.asset
A	??	Assets/Game/PlatformerBatch6/Prepared01/Skull/Template_Combat.asset.meta
A	??	Assets/Game/PlatformerBatch6/Prepared01/Skull/Template_Flocking.asset
A	??	Assets/Game/PlatformerBatch6/Prepared01/Skull/Template_Flocking.asset.meta
A	??	Assets/Game/PlatformerBatch6/Prepared01/Skull/Template_Movement.asset
A	??	Assets/Game/PlatformerBatch6/Prepared01/Skull/Template_Movement.asset.meta
A	??	Assets/Game/PlatformerBatch6/Prepared01/Skull/Template_Render.asset
A	??	Assets/Game/PlatformerBatch6/Prepared01/Skull/Template_Render.asset.meta
A	??	Assets/Game/PlatformerBatch6/Prepared01/Skull/Template_Spawn.asset
A	??	Assets/Game/PlatformerBatch6/Prepared01/Skull/Template_Spawn.asset.meta
C	??	Assets/Game/RobotExpressivePilot.meta
C	??	Assets/Game/RobotExpressivePilot/Version01.meta
C	??	Assets/Game/RobotExpressivePilot/Version01/Native.meta
C	??	Assets/Game/RobotExpressivePilot/Version01/Native/Dance.anim
C	??	Assets/Game/RobotExpressivePilot/Version01/Native/Dance.anim.meta
C	??	Assets/Game/RobotExpressivePilot/Version01/Native/Death.anim
C	??	Assets/Game/RobotExpressivePilot/Version01/Native/Death.anim.meta
C	??	Assets/Game/RobotExpressivePilot/Version01/Native/Idle.anim
C	??	Assets/Game/RobotExpressivePilot/Version01/Native/Idle.anim.meta
C	??	Assets/Game/RobotExpressivePilot/Version01/Native/Jump.anim
C	??	Assets/Game/RobotExpressivePilot/Version01/Native/Jump.anim.meta
C	??	Assets/Game/RobotExpressivePilot/Version01/Native/Material0.mat
C	??	Assets/Game/RobotExpressivePilot/Version01/Native/Material0.mat.meta
C	??	Assets/Game/RobotExpressivePilot/Version01/Native/Material1.mat
C	??	Assets/Game/RobotExpressivePilot/Version01/Native/Material1.mat.meta
C	??	Assets/Game/RobotExpressivePilot/Version01/Native/Material2.mat
C	??	Assets/Game/RobotExpressivePilot/Version01/Native/Material2.mat.meta
C	??	Assets/Game/RobotExpressivePilot/Version01/Native/Mesh13.asset
C	??	Assets/Game/RobotExpressivePilot/Version01/Native/Mesh13.asset.meta
C	??	Assets/Game/RobotExpressivePilot/Version01/Native/Mesh16.asset
C	??	Assets/Game/RobotExpressivePilot/Version01/Native/Mesh16.asset.meta
C	??	Assets/Game/RobotExpressivePilot/Version01/Native/Mesh18.asset
C	??	Assets/Game/RobotExpressivePilot/Version01/Native/Mesh18.asset.meta
C	??	Assets/Game/RobotExpressivePilot/Version01/Native/Mesh36.asset
C	??	Assets/Game/RobotExpressivePilot/Version01/Native/Mesh36.asset.meta
C	??	Assets/Game/RobotExpressivePilot/Version01/Native/Mesh38.asset
C	??	Assets/Game/RobotExpressivePilot/Version01/Native/Mesh38.asset.meta
C	??	Assets/Game/RobotExpressivePilot/Version01/Native/Mesh4.asset
C	??	Assets/Game/RobotExpressivePilot/Version01/Native/Mesh4.asset.meta
C	??	Assets/Game/RobotExpressivePilot/Version01/Native/Mesh56.asset
C	??	Assets/Game/RobotExpressivePilot/Version01/Native/Mesh56.asset.meta
C	??	Assets/Game/RobotExpressivePilot/Version01/Native/Mesh58.asset
C	??	Assets/Game/RobotExpressivePilot/Version01/Native/Mesh58.asset.meta
C	??	Assets/Game/RobotExpressivePilot/Version01/Native/Mesh61.asset
C	??	Assets/Game/RobotExpressivePilot/Version01/Native/Mesh61.asset.meta
C	??	Assets/Game/RobotExpressivePilot/Version01/Native/Mesh63.asset
C	??	Assets/Game/RobotExpressivePilot/Version01/Native/Mesh63.asset.meta
C	??	Assets/Game/RobotExpressivePilot/Version01/Native/Mesh68.asset
C	??	Assets/Game/RobotExpressivePilot/Version01/Native/Mesh68.asset.meta
C	??	Assets/Game/RobotExpressivePilot/Version01/Native/Mesh7.asset
C	??	Assets/Game/RobotExpressivePilot/Version01/Native/Mesh7.asset.meta
C	??	Assets/Game/RobotExpressivePilot/Version01/Native/Mesh72.asset
C	??	Assets/Game/RobotExpressivePilot/Version01/Native/Mesh72.asset.meta
C	??	Assets/Game/RobotExpressivePilot/Version01/Native/Mesh73.asset
C	??	Assets/Game/RobotExpressivePilot/Version01/Native/Mesh73.asset.meta
C	??	Assets/Game/RobotExpressivePilot/Version01/Native/No.anim
C	??	Assets/Game/RobotExpressivePilot/Version01/Native/No.anim.meta
C	??	Assets/Game/RobotExpressivePilot/Version01/Native/Punch.anim
C	??	Assets/Game/RobotExpressivePilot/Version01/Native/Punch.anim.meta
C	??	Assets/Game/RobotExpressivePilot/Version01/Native/Robot.controller
C	??	Assets/Game/RobotExpressivePilot/Version01/Native/Robot.controller.meta
C	??	Assets/Game/RobotExpressivePilot/Version01/Native/RobotExpressive.prefab
C	??	Assets/Game/RobotExpressivePilot/Version01/Native/RobotExpressive.prefab.meta
C	??	Assets/Game/RobotExpressivePilot/Version01/Native/Running.anim
C	??	Assets/Game/RobotExpressivePilot/Version01/Native/Running.anim.meta
C	??	Assets/Game/RobotExpressivePilot/Version01/Native/Sitting.anim
C	??	Assets/Game/RobotExpressivePilot/Version01/Native/Sitting.anim.meta
C	??	Assets/Game/RobotExpressivePilot/Version01/Native/Standing.anim
C	??	Assets/Game/RobotExpressivePilot/Version01/Native/Standing.anim.meta
C	??	Assets/Game/RobotExpressivePilot/Version01/Native/ThumbsUp.anim
C	??	Assets/Game/RobotExpressivePilot/Version01/Native/ThumbsUp.anim.meta
C	??	Assets/Game/RobotExpressivePilot/Version01/Native/WalkJump.anim
C	??	Assets/Game/RobotExpressivePilot/Version01/Native/WalkJump.anim.meta
C	??	Assets/Game/RobotExpressivePilot/Version01/Native/Walking.anim
C	??	Assets/Game/RobotExpressivePilot/Version01/Native/Walking.anim.meta
C	??	Assets/Game/RobotExpressivePilot/Version01/Native/Wave.anim
C	??	Assets/Game/RobotExpressivePilot/Version01/Native/Wave.anim.meta
C	??	Assets/Game/RobotExpressivePilot/Version01/Native/Yes.anim
C	??	Assets/Game/RobotExpressivePilot/Version01/Native/Yes.anim.meta
C	??	Assets/Game/RobotExpressivePilot/Version01/Native02.meta
C	??	Assets/Game/RobotExpressivePilot/Version01/Native02/Dance.anim
C	??	Assets/Game/RobotExpressivePilot/Version01/Native02/Dance.anim.meta
C	??	Assets/Game/RobotExpressivePilot/Version01/Native02/Death.anim
C	??	Assets/Game/RobotExpressivePilot/Version01/Native02/Death.anim.meta
C	??	Assets/Game/RobotExpressivePilot/Version01/Native02/Idle.anim
C	??	Assets/Game/RobotExpressivePilot/Version01/Native02/Idle.anim.meta
C	??	Assets/Game/RobotExpressivePilot/Version01/Native02/Jump.anim
C	??	Assets/Game/RobotExpressivePilot/Version01/Native02/Jump.anim.meta
C	??	Assets/Game/RobotExpressivePilot/Version01/Native02/Material0.mat
C	??	Assets/Game/RobotExpressivePilot/Version01/Native02/Material0.mat.meta
C	??	Assets/Game/RobotExpressivePilot/Version01/Native02/Material1.mat
C	??	Assets/Game/RobotExpressivePilot/Version01/Native02/Material1.mat.meta
C	??	Assets/Game/RobotExpressivePilot/Version01/Native02/Material2.mat
C	??	Assets/Game/RobotExpressivePilot/Version01/Native02/Material2.mat.meta
C	??	Assets/Game/RobotExpressivePilot/Version01/Native02/Mesh13.asset
C	??	Assets/Game/RobotExpressivePilot/Version01/Native02/Mesh13.asset.meta
C	??	Assets/Game/RobotExpressivePilot/Version01/Native02/Mesh16.asset
C	??	Assets/Game/RobotExpressivePilot/Version01/Native02/Mesh16.asset.meta
C	??	Assets/Game/RobotExpressivePilot/Version01/Native02/Mesh18.asset
C	??	Assets/Game/RobotExpressivePilot/Version01/Native02/Mesh18.asset.meta
C	??	Assets/Game/RobotExpressivePilot/Version01/Native02/Mesh36.asset
C	??	Assets/Game/RobotExpressivePilot/Version01/Native02/Mesh36.asset.meta
C	??	Assets/Game/RobotExpressivePilot/Version01/Native02/Mesh38.asset
C	??	Assets/Game/RobotExpressivePilot/Version01/Native02/Mesh38.asset.meta
C	??	Assets/Game/RobotExpressivePilot/Version01/Native02/Mesh4.asset
C	??	Assets/Game/RobotExpressivePilot/Version01/Native02/Mesh4.asset.meta
C	??	Assets/Game/RobotExpressivePilot/Version01/Native02/Mesh56.asset
C	??	Assets/Game/RobotExpressivePilot/Version01/Native02/Mesh56.asset.meta
C	??	Assets/Game/RobotExpressivePilot/Version01/Native02/Mesh58.asset
C	??	Assets/Game/RobotExpressivePilot/Version01/Native02/Mesh58.asset.meta
C	??	Assets/Game/RobotExpressivePilot/Version01/Native02/Mesh61.asset
C	??	Assets/Game/RobotExpressivePilot/Version01/Native02/Mesh61.asset.meta
C	??	Assets/Game/RobotExpressivePilot/Version01/Native02/Mesh63.asset
C	??	Assets/Game/RobotExpressivePilot/Version01/Native02/Mesh63.asset.meta
C	??	Assets/Game/RobotExpressivePilot/Version01/Native02/Mesh68.asset
C	??	Assets/Game/RobotExpressivePilot/Version01/Native02/Mesh68.asset.meta
C	??	Assets/Game/RobotExpressivePilot/Version01/Native02/Mesh7.asset
C	??	Assets/Game/RobotExpressivePilot/Version01/Native02/Mesh7.asset.meta
C	??	Assets/Game/RobotExpressivePilot/Version01/Native02/Mesh72.asset
C	??	Assets/Game/RobotExpressivePilot/Version01/Native02/Mesh72.asset.meta
C	??	Assets/Game/RobotExpressivePilot/Version01/Native02/Mesh73.asset
C	??	Assets/Game/RobotExpressivePilot/Version01/Native02/Mesh73.asset.meta
C	??	Assets/Game/RobotExpressivePilot/Version01/Native02/No.anim
C	??	Assets/Game/RobotExpressivePilot/Version01/Native02/No.anim.meta
C	??	Assets/Game/RobotExpressivePilot/Version01/Native02/Punch.anim
C	??	Assets/Game/RobotExpressivePilot/Version01/Native02/Punch.anim.meta
C	??	Assets/Game/RobotExpressivePilot/Version01/Native02/Robot.controller
C	??	Assets/Game/RobotExpressivePilot/Version01/Native02/Robot.controller.meta
C	??	Assets/Game/RobotExpressivePilot/Version01/Native02/RobotExpressive.prefab
C	??	Assets/Game/RobotExpressivePilot/Version01/Native02/RobotExpressive.prefab.meta
C	??	Assets/Game/RobotExpressivePilot/Version01/Native02/Running.anim
C	??	Assets/Game/RobotExpressivePilot/Version01/Native02/Running.anim.meta
C	??	Assets/Game/RobotExpressivePilot/Version01/Native02/Sitting.anim
C	??	Assets/Game/RobotExpressivePilot/Version01/Native02/Sitting.anim.meta
C	??	Assets/Game/RobotExpressivePilot/Version01/Native02/Standing.anim
C	??	Assets/Game/RobotExpressivePilot/Version01/Native02/Standing.anim.meta
C	??	Assets/Game/RobotExpressivePilot/Version01/Native02/ThumbsUp.anim
C	??	Assets/Game/RobotExpressivePilot/Version01/Native02/ThumbsUp.anim.meta
C	??	Assets/Game/RobotExpressivePilot/Version01/Native02/WalkJump.anim
C	??	Assets/Game/RobotExpressivePilot/Version01/Native02/WalkJump.anim.meta
C	??	Assets/Game/RobotExpressivePilot/Version01/Native02/Walking.anim
C	??	Assets/Game/RobotExpressivePilot/Version01/Native02/Walking.anim.meta
C	??	Assets/Game/RobotExpressivePilot/Version01/Native02/Wave.anim
C	??	Assets/Game/RobotExpressivePilot/Version01/Native02/Wave.anim.meta
C	??	Assets/Game/RobotExpressivePilot/Version01/Native02/Yes.anim
C	??	Assets/Game/RobotExpressivePilot/Version01/Native02/Yes.anim.meta
C	??	Assets/Game/RobotExpressivePilot/Version01/Native03.meta
C	??	Assets/Game/RobotExpressivePilot/Version01/Native03/Dance.anim
C	??	Assets/Game/RobotExpressivePilot/Version01/Native03/Dance.anim.meta
C	??	Assets/Game/RobotExpressivePilot/Version01/Native03/Death.anim
C	??	Assets/Game/RobotExpressivePilot/Version01/Native03/Death.anim.meta
C	??	Assets/Game/RobotExpressivePilot/Version01/Native03/Idle.anim
C	??	Assets/Game/RobotExpressivePilot/Version01/Native03/Idle.anim.meta
C	??	Assets/Game/RobotExpressivePilot/Version01/Native03/Jump.anim
C	??	Assets/Game/RobotExpressivePilot/Version01/Native03/Jump.anim.meta
C	??	Assets/Game/RobotExpressivePilot/Version01/Native03/Material0.mat
C	??	Assets/Game/RobotExpressivePilot/Version01/Native03/Material0.mat.meta
C	??	Assets/Game/RobotExpressivePilot/Version01/Native03/Material1.mat
C	??	Assets/Game/RobotExpressivePilot/Version01/Native03/Material1.mat.meta
C	??	Assets/Game/RobotExpressivePilot/Version01/Native03/Material2.mat
C	??	Assets/Game/RobotExpressivePilot/Version01/Native03/Material2.mat.meta
C	??	Assets/Game/RobotExpressivePilot/Version01/Native03/Mesh13.asset
C	??	Assets/Game/RobotExpressivePilot/Version01/Native03/Mesh13.asset.meta
C	??	Assets/Game/RobotExpressivePilot/Version01/Native03/Mesh16.asset
C	??	Assets/Game/RobotExpressivePilot/Version01/Native03/Mesh16.asset.meta
C	??	Assets/Game/RobotExpressivePilot/Version01/Native03/Mesh18.asset
C	??	Assets/Game/RobotExpressivePilot/Version01/Native03/Mesh18.asset.meta
C	??	Assets/Game/RobotExpressivePilot/Version01/Native03/Mesh36.asset
C	??	Assets/Game/RobotExpressivePilot/Version01/Native03/Mesh36.asset.meta
C	??	Assets/Game/RobotExpressivePilot/Version01/Native03/Mesh38.asset
C	??	Assets/Game/RobotExpressivePilot/Version01/Native03/Mesh38.asset.meta
C	??	Assets/Game/RobotExpressivePilot/Version01/Native03/Mesh4.asset
C	??	Assets/Game/RobotExpressivePilot/Version01/Native03/Mesh4.asset.meta
C	??	Assets/Game/RobotExpressivePilot/Version01/Native03/Mesh56.asset
C	??	Assets/Game/RobotExpressivePilot/Version01/Native03/Mesh56.asset.meta
C	??	Assets/Game/RobotExpressivePilot/Version01/Native03/Mesh58.asset
C	??	Assets/Game/RobotExpressivePilot/Version01/Native03/Mesh58.asset.meta
C	??	Assets/Game/RobotExpressivePilot/Version01/Native03/Mesh61.asset
C	??	Assets/Game/RobotExpressivePilot/Version01/Native03/Mesh61.asset.meta
C	??	Assets/Game/RobotExpressivePilot/Version01/Native03/Mesh63.asset
C	??	Assets/Game/RobotExpressivePilot/Version01/Native03/Mesh63.asset.meta
C	??	Assets/Game/RobotExpressivePilot/Version01/Native03/Mesh68.asset
C	??	Assets/Game/RobotExpressivePilot/Version01/Native03/Mesh68.asset.meta
C	??	Assets/Game/RobotExpressivePilot/Version01/Native03/Mesh7.asset
C	??	Assets/Game/RobotExpressivePilot/Version01/Native03/Mesh7.asset.meta
C	??	Assets/Game/RobotExpressivePilot/Version01/Native03/Mesh72.asset
C	??	Assets/Game/RobotExpressivePilot/Version01/Native03/Mesh72.asset.meta
C	??	Assets/Game/RobotExpressivePilot/Version01/Native03/Mesh73.asset
C	??	Assets/Game/RobotExpressivePilot/Version01/Native03/Mesh73.asset.meta
C	??	Assets/Game/RobotExpressivePilot/Version01/Native03/No.anim
C	??	Assets/Game/RobotExpressivePilot/Version01/Native03/No.anim.meta
C	??	Assets/Game/RobotExpressivePilot/Version01/Native03/Punch.anim
C	??	Assets/Game/RobotExpressivePilot/Version01/Native03/Punch.anim.meta
C	??	Assets/Game/RobotExpressivePilot/Version01/Native03/Robot.controller
C	??	Assets/Game/RobotExpressivePilot/Version01/Native03/Robot.controller.meta
C	??	Assets/Game/RobotExpressivePilot/Version01/Native03/RobotExpressive.prefab
C	??	Assets/Game/RobotExpressivePilot/Version01/Native03/RobotExpressive.prefab.meta
C	??	Assets/Game/RobotExpressivePilot/Version01/Native03/Running.anim
C	??	Assets/Game/RobotExpressivePilot/Version01/Native03/Running.anim.meta
C	??	Assets/Game/RobotExpressivePilot/Version01/Native03/Sitting.anim
C	??	Assets/Game/RobotExpressivePilot/Version01/Native03/Sitting.anim.meta
C	??	Assets/Game/RobotExpressivePilot/Version01/Native03/Standing.anim
C	??	Assets/Game/RobotExpressivePilot/Version01/Native03/Standing.anim.meta
C	??	Assets/Game/RobotExpressivePilot/Version01/Native03/ThumbsUp.anim
C	??	Assets/Game/RobotExpressivePilot/Version01/Native03/ThumbsUp.anim.meta
C	??	Assets/Game/RobotExpressivePilot/Version01/Native03/WalkJump.anim
C	??	Assets/Game/RobotExpressivePilot/Version01/Native03/WalkJump.anim.meta
C	??	Assets/Game/RobotExpressivePilot/Version01/Native03/Walking.anim
C	??	Assets/Game/RobotExpressivePilot/Version01/Native03/Walking.anim.meta
C	??	Assets/Game/RobotExpressivePilot/Version01/Native03/Wave.anim
C	??	Assets/Game/RobotExpressivePilot/Version01/Native03/Wave.anim.meta
C	??	Assets/Game/RobotExpressivePilot/Version01/Native03/Yes.anim
C	??	Assets/Game/RobotExpressivePilot/Version01/Native03/Yes.anim.meta
C	??	Assets/Game/RobotExpressivePilot/Version01/Prepared.meta
C	??	Assets/Game/RobotExpressivePilot/Version01/Prepared/Palette.asset
C	??	Assets/Game/RobotExpressivePilot/Version01/Prepared/Palette.asset.meta
C	??	Assets/Game/RobotExpressivePilot/Version01/Prepared/RobotMid.mat
C	??	Assets/Game/RobotExpressivePilot/Version01/Prepared/RobotMid.mat.meta
C	??	Assets/Game/RobotExpressivePilot/Version01/Prepared/RobotNear.mat
C	??	Assets/Game/RobotExpressivePilot/Version01/Prepared/RobotNear.mat.meta
C	??	Assets/Game/RobotExpressivePilot/Version01/Prepared/RobotTemplate.asset
C	??	Assets/Game/RobotExpressivePilot/Version01/Prepared/RobotTemplate.asset.meta
C	??	Assets/Game/RobotExpressivePilot/Version01/Prepared/RobotTemplate_Animation.asset
C	??	Assets/Game/RobotExpressivePilot/Version01/Prepared/RobotTemplate_Animation.asset.meta
C	??	Assets/Game/RobotExpressivePilot/Version01/Prepared/RobotTemplate_Combat.asset
C	??	Assets/Game/RobotExpressivePilot/Version01/Prepared/RobotTemplate_Combat.asset.meta
C	??	Assets/Game/RobotExpressivePilot/Version01/Prepared/RobotTemplate_Flocking.asset
C	??	Assets/Game/RobotExpressivePilot/Version01/Prepared/RobotTemplate_Flocking.asset.meta
C	??	Assets/Game/RobotExpressivePilot/Version01/Prepared/RobotTemplate_Movement.asset
C	??	Assets/Game/RobotExpressivePilot/Version01/Prepared/RobotTemplate_Movement.asset.meta
C	??	Assets/Game/RobotExpressivePilot/Version01/Prepared/RobotTemplate_Render.asset
C	??	Assets/Game/RobotExpressivePilot/Version01/Prepared/RobotTemplate_Render.asset.meta
C	??	Assets/Game/RobotExpressivePilot/Version01/Prepared/RobotTemplate_Spawn.asset
C	??	Assets/Game/RobotExpressivePilot/Version01/Prepared/RobotTemplate_Spawn.asset.meta
C	??	Assets/Game/RobotExpressivePilot/Version01/Prepared02.meta
C	??	Assets/Game/RobotExpressivePilot/Version01/Prepared02/Attack.anim
C	??	Assets/Game/RobotExpressivePilot/Version01/Prepared02/Attack.anim.meta
C	??	Assets/Game/RobotExpressivePilot/Version01/Prepared02/Death.anim
C	??	Assets/Game/RobotExpressivePilot/Version01/Prepared02/Death.anim.meta
C	??	Assets/Game/RobotExpressivePilot/Version01/Prepared02/Idle.anim
C	??	Assets/Game/RobotExpressivePilot/Version01/Prepared02/Idle.anim.meta
C	??	Assets/Game/RobotExpressivePilot/Version01/Prepared02/Move.anim
C	??	Assets/Game/RobotExpressivePilot/Version01/Prepared02/Move.anim.meta
C	??	Assets/Game/RobotExpressivePilot/Version01/Prepared02/N004_Foot_LCanonical.asset
C	??	Assets/Game/RobotExpressivePilot/Version01/Prepared02/N004_Foot_LCanonical.asset.meta
C	??	Assets/Game/RobotExpressivePilot/Version01/Prepared02/N007_TorsoCanonical.asset
C	??	Assets/Game/RobotExpressivePilot/Version01/Prepared02/N007_TorsoCanonical.asset.meta
C	??	Assets/Game/RobotExpressivePilot/Version01/Prepared02/N013_HeadCanonical.asset
C	??	Assets/Game/RobotExpressivePilot/Version01/Prepared02/N013_HeadCanonical.asset.meta
C	??	Assets/Game/RobotExpressivePilot/Version01/Prepared02/N016_Shoulder_LCanonical.asset
C	??	Assets/Game/RobotExpressivePilot/Version01/Prepared02/N016_Shoulder_LCanonical.asset.meta
C	??	Assets/Game/RobotExpressivePilot/Version01/Prepared02/N018_Arm_LCanonical.asset
C	??	Assets/Game/RobotExpressivePilot/Version01/Prepared02/N018_Arm_LCanonical.asset.meta
C	??	Assets/Game/RobotExpressivePilot/Version01/Prepared02/N036_Shoulder_RCanonical.asset
C	??	Assets/Game/RobotExpressivePilot/Version01/Prepared02/N036_Shoulder_RCanonical.asset.meta
C	??	Assets/Game/RobotExpressivePilot/Version01/Prepared02/N038_Arm_RCanonical.asset
C	??	Assets/Game/RobotExpressivePilot/Version01/Prepared02/N038_Arm_RCanonical.asset.meta
C	??	Assets/Game/RobotExpressivePilot/Version01/Prepared02/N056_Leg_LCanonical.asset
C	??	Assets/Game/RobotExpressivePilot/Version01/Prepared02/N056_Leg_LCanonical.asset.meta
C	??	Assets/Game/RobotExpressivePilot/Version01/Prepared02/N058_LowerLeg_LCanonical.asset
C	??	Assets/Game/RobotExpressivePilot/Version01/Prepared02/N058_LowerLeg_LCanonical.asset.meta
C	??	Assets/Game/RobotExpressivePilot/Version01/Prepared02/N061_Leg_RCanonical.asset
C	??	Assets/Game/RobotExpressivePilot/Version01/Prepared02/N061_Leg_RCanonical.asset.meta
C	??	Assets/Game/RobotExpressivePilot/Version01/Prepared02/N063_LowerLeg_RCanonical.asset
C	??	Assets/Game/RobotExpressivePilot/Version01/Prepared02/N063_LowerLeg_RCanonical.asset.meta
C	??	Assets/Game/RobotExpressivePilot/Version01/Prepared02/N068_Foot_RCanonical.asset
C	??	Assets/Game/RobotExpressivePilot/Version01/Prepared02/N068_Foot_RCanonical.asset.meta
C	??	Assets/Game/RobotExpressivePilot/Version01/Prepared02/N072_Hand_RCanonical.asset
C	??	Assets/Game/RobotExpressivePilot/Version01/Prepared02/N072_Hand_RCanonical.asset.meta
C	??	Assets/Game/RobotExpressivePilot/Version01/Prepared02/N073_Hand_LCanonical.asset
C	??	Assets/Game/RobotExpressivePilot/Version01/Prepared02/N073_Hand_LCanonical.asset.meta
C	??	Assets/Game/RobotExpressivePilot/Version01/Prepared02/Palette.asset
C	??	Assets/Game/RobotExpressivePilot/Version01/Prepared02/Palette.asset.meta
C	??	Assets/Game/RobotExpressivePilot/Version01/Prepared02/RobotMid.mat
C	??	Assets/Game/RobotExpressivePilot/Version01/Prepared02/RobotMid.mat.meta
C	??	Assets/Game/RobotExpressivePilot/Version01/Prepared02/RobotNear.mat
C	??	Assets/Game/RobotExpressivePilot/Version01/Prepared02/RobotNear.mat.meta
C	??	Assets/Game/RobotExpressivePilot/Version01/Prepared02/RobotTemplate.asset
C	??	Assets/Game/RobotExpressivePilot/Version01/Prepared02/RobotTemplate.asset.meta
C	??	Assets/Game/RobotExpressivePilot/Version01/Prepared02/RobotTemplate_Animation.asset
C	??	Assets/Game/RobotExpressivePilot/Version01/Prepared02/RobotTemplate_Animation.asset.meta
C	??	Assets/Game/RobotExpressivePilot/Version01/Prepared02/RobotTemplate_Combat.asset
C	??	Assets/Game/RobotExpressivePilot/Version01/Prepared02/RobotTemplate_Combat.asset.meta
C	??	Assets/Game/RobotExpressivePilot/Version01/Prepared02/RobotTemplate_Flocking.asset
C	??	Assets/Game/RobotExpressivePilot/Version01/Prepared02/RobotTemplate_Flocking.asset.meta
C	??	Assets/Game/RobotExpressivePilot/Version01/Prepared02/RobotTemplate_Movement.asset
C	??	Assets/Game/RobotExpressivePilot/Version01/Prepared02/RobotTemplate_Movement.asset.meta
C	??	Assets/Game/RobotExpressivePilot/Version01/Prepared02/RobotTemplate_Render.asset
C	??	Assets/Game/RobotExpressivePilot/Version01/Prepared02/RobotTemplate_Render.asset.meta
C	??	Assets/Game/RobotExpressivePilot/Version01/Prepared02/RobotTemplate_Spawn.asset
C	??	Assets/Game/RobotExpressivePilot/Version01/Prepared02/RobotTemplate_Spawn.asset.meta
C	??	Assets/Game/RobotExpressivePilot/Version01/Prepared03.meta
C	??	Assets/Game/RobotExpressivePilot/Version01/Prepared03/Attack.anim
C	??	Assets/Game/RobotExpressivePilot/Version01/Prepared03/Attack.anim.meta
C	??	Assets/Game/RobotExpressivePilot/Version01/Prepared03/Death.anim
C	??	Assets/Game/RobotExpressivePilot/Version01/Prepared03/Death.anim.meta
C	??	Assets/Game/RobotExpressivePilot/Version01/Prepared03/Idle.anim
C	??	Assets/Game/RobotExpressivePilot/Version01/Prepared03/Idle.anim.meta
C	??	Assets/Game/RobotExpressivePilot/Version01/Prepared03/Move.anim
C	??	Assets/Game/RobotExpressivePilot/Version01/Prepared03/Move.anim.meta
C	??	Assets/Game/RobotExpressivePilot/Version01/Prepared03/N004_Foot_LCanonical.asset
C	??	Assets/Game/RobotExpressivePilot/Version01/Prepared03/N004_Foot_LCanonical.asset.meta
C	??	Assets/Game/RobotExpressivePilot/Version01/Prepared03/N007_TorsoCanonical.asset
C	??	Assets/Game/RobotExpressivePilot/Version01/Prepared03/N007_TorsoCanonical.asset.meta
C	??	Assets/Game/RobotExpressivePilot/Version01/Prepared03/N013_HeadCanonical.asset
C	??	Assets/Game/RobotExpressivePilot/Version01/Prepared03/N013_HeadCanonical.asset.meta
C	??	Assets/Game/RobotExpressivePilot/Version01/Prepared03/N016_Shoulder_LCanonical.asset
C	??	Assets/Game/RobotExpressivePilot/Version01/Prepared03/N016_Shoulder_LCanonical.asset.meta
C	??	Assets/Game/RobotExpressivePilot/Version01/Prepared03/N018_Arm_LCanonical.asset
C	??	Assets/Game/RobotExpressivePilot/Version01/Prepared03/N018_Arm_LCanonical.asset.meta
C	??	Assets/Game/RobotExpressivePilot/Version01/Prepared03/N036_Shoulder_RCanonical.asset
C	??	Assets/Game/RobotExpressivePilot/Version01/Prepared03/N036_Shoulder_RCanonical.asset.meta
C	??	Assets/Game/RobotExpressivePilot/Version01/Prepared03/N038_Arm_RCanonical.asset
C	??	Assets/Game/RobotExpressivePilot/Version01/Prepared03/N038_Arm_RCanonical.asset.meta
C	??	Assets/Game/RobotExpressivePilot/Version01/Prepared03/N056_Leg_LCanonical.asset
C	??	Assets/Game/RobotExpressivePilot/Version01/Prepared03/N056_Leg_LCanonical.asset.meta
C	??	Assets/Game/RobotExpressivePilot/Version01/Prepared03/N058_LowerLeg_LCanonical.asset
C	??	Assets/Game/RobotExpressivePilot/Version01/Prepared03/N058_LowerLeg_LCanonical.asset.meta
C	??	Assets/Game/RobotExpressivePilot/Version01/Prepared03/N061_Leg_RCanonical.asset
C	??	Assets/Game/RobotExpressivePilot/Version01/Prepared03/N061_Leg_RCanonical.asset.meta
C	??	Assets/Game/RobotExpressivePilot/Version01/Prepared03/N063_LowerLeg_RCanonical.asset
C	??	Assets/Game/RobotExpressivePilot/Version01/Prepared03/N063_LowerLeg_RCanonical.asset.meta
C	??	Assets/Game/RobotExpressivePilot/Version01/Prepared03/N068_Foot_RCanonical.asset
C	??	Assets/Game/RobotExpressivePilot/Version01/Prepared03/N068_Foot_RCanonical.asset.meta
C	??	Assets/Game/RobotExpressivePilot/Version01/Prepared03/N072_Hand_RCanonical.asset
C	??	Assets/Game/RobotExpressivePilot/Version01/Prepared03/N072_Hand_RCanonical.asset.meta
C	??	Assets/Game/RobotExpressivePilot/Version01/Prepared03/N073_Hand_LCanonical.asset
C	??	Assets/Game/RobotExpressivePilot/Version01/Prepared03/N073_Hand_LCanonical.asset.meta
C	??	Assets/Game/RobotExpressivePilot/Version01/Prepared03/Palette.asset
C	??	Assets/Game/RobotExpressivePilot/Version01/Prepared03/Palette.asset.meta
C	??	Assets/Game/RobotExpressivePilot/Version01/Prepared03/Robot.prefab
C	??	Assets/Game/RobotExpressivePilot/Version01/Prepared03/Robot.prefab.meta
C	??	Assets/Game/RobotExpressivePilot/Version01/Prepared03/RobotMid.mat
C	??	Assets/Game/RobotExpressivePilot/Version01/Prepared03/RobotMid.mat.meta
C	??	Assets/Game/RobotExpressivePilot/Version01/Prepared03/RobotNear.mat
C	??	Assets/Game/RobotExpressivePilot/Version01/Prepared03/RobotNear.mat.meta
C	??	Assets/Game/RobotExpressivePilot/Version01/Prepared03/RobotTemplate.asset
C	??	Assets/Game/RobotExpressivePilot/Version01/Prepared03/RobotTemplate.asset.meta
C	??	Assets/Game/RobotExpressivePilot/Version01/Prepared03/RobotTemplate_Animation.asset
C	??	Assets/Game/RobotExpressivePilot/Version01/Prepared03/RobotTemplate_Animation.asset.meta
C	??	Assets/Game/RobotExpressivePilot/Version01/Prepared03/RobotTemplate_Combat.asset
C	??	Assets/Game/RobotExpressivePilot/Version01/Prepared03/RobotTemplate_Combat.asset.meta
C	??	Assets/Game/RobotExpressivePilot/Version01/Prepared03/RobotTemplate_Flocking.asset
C	??	Assets/Game/RobotExpressivePilot/Version01/Prepared03/RobotTemplate_Flocking.asset.meta
C	??	Assets/Game/RobotExpressivePilot/Version01/Prepared03/RobotTemplate_Movement.asset
C	??	Assets/Game/RobotExpressivePilot/Version01/Prepared03/RobotTemplate_Movement.asset.meta
C	??	Assets/Game/RobotExpressivePilot/Version01/Prepared03/RobotTemplate_Render.asset
C	??	Assets/Game/RobotExpressivePilot/Version01/Prepared03/RobotTemplate_Render.asset.meta
C	??	Assets/Game/RobotExpressivePilot/Version01/Prepared03/RobotTemplate_Spawn.asset
C	??	Assets/Game/RobotExpressivePilot/Version01/Prepared03/RobotTemplate_Spawn.asset.meta
C	??	Assets/Game/RobotExpressivePilot/Version01/Prepared03/TrialTemplates.meta
C	??	Assets/Game/RobotExpressivePilot/Version01/Prepared03/TrialTemplates/Battlefield.unity
C	??	Assets/Game/RobotExpressivePilot/Version01/Prepared03/TrialTemplates/Battlefield.unity.meta
C	??	Assets/Game/RobotExpressivePilot/Version01/Prepared03/TrialTemplates/Catalog.asset
C	??	Assets/Game/RobotExpressivePilot/Version01/Prepared03/TrialTemplates/Catalog.asset.meta
C	??	Assets/Game/RobotExpressivePilot/Version01/Prepared03/TrialTemplates/Opponent.asset
C	??	Assets/Game/RobotExpressivePilot/Version01/Prepared03/TrialTemplates/Opponent.asset.meta
C	??	Assets/Game/RobotExpressivePilot/Version01/Prepared03/TrialTemplates/Opponent_Animation.asset
C	??	Assets/Game/RobotExpressivePilot/Version01/Prepared03/TrialTemplates/Opponent_Animation.asset.meta
C	??	Assets/Game/RobotExpressivePilot/Version01/Prepared03/TrialTemplates/Opponent_Combat.asset
C	??	Assets/Game/RobotExpressivePilot/Version01/Prepared03/TrialTemplates/Opponent_Combat.asset.meta
C	??	Assets/Game/RobotExpressivePilot/Version01/Prepared03/TrialTemplates/Opponent_Flocking.asset
C	??	Assets/Game/RobotExpressivePilot/Version01/Prepared03/TrialTemplates/Opponent_Flocking.asset.meta
C	??	Assets/Game/RobotExpressivePilot/Version01/Prepared03/TrialTemplates/Opponent_Movement.asset
C	??	Assets/Game/RobotExpressivePilot/Version01/Prepared03/TrialTemplates/Opponent_Movement.asset.meta
C	??	Assets/Game/RobotExpressivePilot/Version01/Prepared03/TrialTemplates/Opponent_Render.asset
C	??	Assets/Game/RobotExpressivePilot/Version01/Prepared03/TrialTemplates/Opponent_Render.asset.meta
C	??	Assets/Game/RobotExpressivePilot/Version01/Prepared03/TrialTemplates/Opponent_Spawn.asset
C	??	Assets/Game/RobotExpressivePilot/Version01/Prepared03/TrialTemplates/Opponent_Spawn.asset.meta
C	??	Assets/Game/RobotExpressivePilot/Version01/Prepared03/TrialTemplates/Scenario.asset
C	??	Assets/Game/RobotExpressivePilot/Version01/Prepared03/TrialTemplates/Scenario.asset.meta
C	??	Assets/Game/RobotExpressivePilot/Version01/Prepared04.meta
C	??	Assets/Game/RobotExpressivePilot/Version01/Prepared04/Attack.anim
C	??	Assets/Game/RobotExpressivePilot/Version01/Prepared04/Attack.anim.meta
C	??	Assets/Game/RobotExpressivePilot/Version01/Prepared04/Death.anim
C	??	Assets/Game/RobotExpressivePilot/Version01/Prepared04/Death.anim.meta
C	??	Assets/Game/RobotExpressivePilot/Version01/Prepared04/Idle.anim
C	??	Assets/Game/RobotExpressivePilot/Version01/Prepared04/Idle.anim.meta
C	??	Assets/Game/RobotExpressivePilot/Version01/Prepared04/Move.anim
C	??	Assets/Game/RobotExpressivePilot/Version01/Prepared04/Move.anim.meta
C	??	Assets/Game/RobotExpressivePilot/Version01/Prepared04/N004_Foot_LCanonical.asset
C	??	Assets/Game/RobotExpressivePilot/Version01/Prepared04/N004_Foot_LCanonical.asset.meta
C	??	Assets/Game/RobotExpressivePilot/Version01/Prepared04/N007_TorsoCanonical.asset
C	??	Assets/Game/RobotExpressivePilot/Version01/Prepared04/N007_TorsoCanonical.asset.meta
C	??	Assets/Game/RobotExpressivePilot/Version01/Prepared04/N013_HeadCanonical.asset
C	??	Assets/Game/RobotExpressivePilot/Version01/Prepared04/N013_HeadCanonical.asset.meta
C	??	Assets/Game/RobotExpressivePilot/Version01/Prepared04/N016_Shoulder_LCanonical.asset
C	??	Assets/Game/RobotExpressivePilot/Version01/Prepared04/N016_Shoulder_LCanonical.asset.meta
C	??	Assets/Game/RobotExpressivePilot/Version01/Prepared04/N018_Arm_LCanonical.asset
C	??	Assets/Game/RobotExpressivePilot/Version01/Prepared04/N018_Arm_LCanonical.asset.meta
C	??	Assets/Game/RobotExpressivePilot/Version01/Prepared04/N036_Shoulder_RCanonical.asset
C	??	Assets/Game/RobotExpressivePilot/Version01/Prepared04/N036_Shoulder_RCanonical.asset.meta
C	??	Assets/Game/RobotExpressivePilot/Version01/Prepared04/N038_Arm_RCanonical.asset
C	??	Assets/Game/RobotExpressivePilot/Version01/Prepared04/N038_Arm_RCanonical.asset.meta
C	??	Assets/Game/RobotExpressivePilot/Version01/Prepared04/N056_Leg_LCanonical.asset
C	??	Assets/Game/RobotExpressivePilot/Version01/Prepared04/N056_Leg_LCanonical.asset.meta
C	??	Assets/Game/RobotExpressivePilot/Version01/Prepared04/N058_LowerLeg_LCanonical.asset
C	??	Assets/Game/RobotExpressivePilot/Version01/Prepared04/N058_LowerLeg_LCanonical.asset.meta
C	??	Assets/Game/RobotExpressivePilot/Version01/Prepared04/N061_Leg_RCanonical.asset
C	??	Assets/Game/RobotExpressivePilot/Version01/Prepared04/N061_Leg_RCanonical.asset.meta
C	??	Assets/Game/RobotExpressivePilot/Version01/Prepared04/N063_LowerLeg_RCanonical.asset
C	??	Assets/Game/RobotExpressivePilot/Version01/Prepared04/N063_LowerLeg_RCanonical.asset.meta
C	??	Assets/Game/RobotExpressivePilot/Version01/Prepared04/N068_Foot_RCanonical.asset
C	??	Assets/Game/RobotExpressivePilot/Version01/Prepared04/N068_Foot_RCanonical.asset.meta
C	??	Assets/Game/RobotExpressivePilot/Version01/Prepared04/N072_Hand_RCanonical.asset
C	??	Assets/Game/RobotExpressivePilot/Version01/Prepared04/N072_Hand_RCanonical.asset.meta
C	??	Assets/Game/RobotExpressivePilot/Version01/Prepared04/N073_Hand_LCanonical.asset
C	??	Assets/Game/RobotExpressivePilot/Version01/Prepared04/N073_Hand_LCanonical.asset.meta
C	??	Assets/Game/RobotExpressivePilot/Version01/Prepared04/Palette.asset
C	??	Assets/Game/RobotExpressivePilot/Version01/Prepared04/Palette.asset.meta
C	??	Assets/Game/RobotExpressivePilot/Version01/Prepared04/Robot.prefab
C	??	Assets/Game/RobotExpressivePilot/Version01/Prepared04/Robot.prefab.meta
C	??	Assets/Game/RobotExpressivePilot/Version01/Prepared04/RobotMid.mat
C	??	Assets/Game/RobotExpressivePilot/Version01/Prepared04/RobotMid.mat.meta
C	??	Assets/Game/RobotExpressivePilot/Version01/Prepared04/RobotNear.mat
C	??	Assets/Game/RobotExpressivePilot/Version01/Prepared04/RobotNear.mat.meta
C	??	Assets/Game/RobotExpressivePilot/Version01/Prepared04/RobotTemplate.asset
C	??	Assets/Game/RobotExpressivePilot/Version01/Prepared04/RobotTemplate.asset.meta
C	??	Assets/Game/RobotExpressivePilot/Version01/Prepared04/RobotTemplate_Animation.asset
C	??	Assets/Game/RobotExpressivePilot/Version01/Prepared04/RobotTemplate_Animation.asset.meta
C	??	Assets/Game/RobotExpressivePilot/Version01/Prepared04/RobotTemplate_Combat.asset
C	??	Assets/Game/RobotExpressivePilot/Version01/Prepared04/RobotTemplate_Combat.asset.meta
C	??	Assets/Game/RobotExpressivePilot/Version01/Prepared04/RobotTemplate_Flocking.asset
C	??	Assets/Game/RobotExpressivePilot/Version01/Prepared04/RobotTemplate_Flocking.asset.meta
C	??	Assets/Game/RobotExpressivePilot/Version01/Prepared04/RobotTemplate_Movement.asset
C	??	Assets/Game/RobotExpressivePilot/Version01/Prepared04/RobotTemplate_Movement.asset.meta
C	??	Assets/Game/RobotExpressivePilot/Version01/Prepared04/RobotTemplate_Render.asset
C	??	Assets/Game/RobotExpressivePilot/Version01/Prepared04/RobotTemplate_Render.asset.meta
C	??	Assets/Game/RobotExpressivePilot/Version01/Prepared04/RobotTemplate_Spawn.asset
C	??	Assets/Game/RobotExpressivePilot/Version01/Prepared04/RobotTemplate_Spawn.asset.meta
C	??	Assets/Game/RobotExpressivePilot/Version01/Prepared04/TrialTemplates.meta
C	??	Assets/Game/RobotExpressivePilot/Version01/Prepared04/TrialTemplates/Battlefield.unity
C	??	Assets/Game/RobotExpressivePilot/Version01/Prepared04/TrialTemplates/Battlefield.unity.meta
C	??	Assets/Game/RobotExpressivePilot/Version01/Prepared04/TrialTemplates/Catalog.asset
C	??	Assets/Game/RobotExpressivePilot/Version01/Prepared04/TrialTemplates/Catalog.asset.meta
C	??	Assets/Game/RobotExpressivePilot/Version01/Prepared04/TrialTemplates/Opponent.asset
C	??	Assets/Game/RobotExpressivePilot/Version01/Prepared04/TrialTemplates/Opponent.asset.meta
C	??	Assets/Game/RobotExpressivePilot/Version01/Prepared04/TrialTemplates/Opponent_Animation.asset
C	??	Assets/Game/RobotExpressivePilot/Version01/Prepared04/TrialTemplates/Opponent_Animation.asset.meta
C	??	Assets/Game/RobotExpressivePilot/Version01/Prepared04/TrialTemplates/Opponent_Combat.asset
C	??	Assets/Game/RobotExpressivePilot/Version01/Prepared04/TrialTemplates/Opponent_Combat.asset.meta
C	??	Assets/Game/RobotExpressivePilot/Version01/Prepared04/TrialTemplates/Opponent_Flocking.asset
C	??	Assets/Game/RobotExpressivePilot/Version01/Prepared04/TrialTemplates/Opponent_Flocking.asset.meta
C	??	Assets/Game/RobotExpressivePilot/Version01/Prepared04/TrialTemplates/Opponent_Movement.asset
C	??	Assets/Game/RobotExpressivePilot/Version01/Prepared04/TrialTemplates/Opponent_Movement.asset.meta
C	??	Assets/Game/RobotExpressivePilot/Version01/Prepared04/TrialTemplates/Opponent_Render.asset
C	??	Assets/Game/RobotExpressivePilot/Version01/Prepared04/TrialTemplates/Opponent_Render.asset.meta
C	??	Assets/Game/RobotExpressivePilot/Version01/Prepared04/TrialTemplates/Opponent_Spawn.asset
C	??	Assets/Game/RobotExpressivePilot/Version01/Prepared04/TrialTemplates/Opponent_Spawn.asset.meta
C	??	Assets/Game/RobotExpressivePilot/Version01/Prepared04/TrialTemplates/Scenario.asset
C	??	Assets/Game/RobotExpressivePilot/Version01/Prepared04/TrialTemplates/Scenario.asset.meta
C	??	Assets/Game/RobotExpressivePilot/Version01/RobotRecipe.asset
C	??	Assets/Game/RobotExpressivePilot/Version01/RobotRecipe.asset.meta
S	??	Assets/Game/Scripts/PlatformerBatch6ReviewIsolation.cs
S	??	Assets/Game/Scripts/PlatformerBatch6ReviewIsolation.cs.meta
B	??	Assets/Game/Scripts/WarSandboxFrontEnd.UnitPreview.cs
B	??	Assets/Game/Scripts/WarSandboxFrontEnd.UnitPreview.cs.meta
A	??	Assets/Game/Tests/EditMode/PlatformerBatch6CatalogTests.cs
A	??	Assets/Game/Tests/EditMode/PlatformerBatch6CatalogTests.cs.meta
C	??	Assets/Game/Tests/EditMode/RobotExpressiveAdmissionTests.cs
C	??	Assets/Game/Tests/EditMode/RobotExpressiveAdmissionTests.cs.meta
C	??	Assets/Game/Tests/EditMode/RobotExpressivePilotTests.cs
C	??	Assets/Game/Tests/EditMode/RobotExpressivePilotTests.cs.meta
A	??	Assets/Game/Tests/EditMode/Troops6PreparationTests.cs
A	??	Assets/Game/Tests/EditMode/Troops6PreparationTests.cs.meta
B	??	Assets/Game/Tests/EditMode/WarSandboxContentQualityTests.cs
B	??	Assets/Game/Tests/EditMode/WarSandboxContentQualityTests.cs.meta
A	??	Assets/Game/Tests/PlayMode/PlatformerBatch6PlanCycleTests.cs
A	??	Assets/Game/Tests/PlayMode/PlatformerBatch6PlanCycleTests.cs.meta
C	??	Assets/Game/Tests/PlayMode/RobotExpressiveAdmissionPlayModeTests.cs
C	??	Assets/Game/Tests/PlayMode/RobotExpressiveAdmissionPlayModeTests.cs.meta
B	??	Assets/Game/Tests/PlayMode/WarSandboxContentQualityPlayModeTests.cs
B	??	Assets/Game/Tests/PlayMode/WarSandboxContentQualityPlayModeTests.cs.meta
A	??	Assets/MassEngine/Tests/PlayMode/PlatformerBatch6BattlefieldTests.cs
A	??	Assets/MassEngine/Tests/PlayMode/PlatformerBatch6BattlefieldTests.cs.meta
B	??	Docs/ContentQuality-20261002/CONTENT-SUITABILITY.md
B	??	Docs/ContentQuality-20261002/README.md
B	??	Docs/ContentQuality-20261002/VISUAL-REVIEW.md
A	??	Docs/PlatformerBatch6-20261002/MANUAL-PLAYTEST-20261002.md
A	??	Docs/PlatformerBatch6-20261002/README.md
A	??	Docs/PlatformerBatch6-20261002/REVIEW-20261002.md
C	??	Docs/RobotExpressivePilot-20261002/README.md
C	??	Docs/RobotFormal-20261002/README.md
C	??	Docs/RobotFormal-20261002/final-release.json
A	??	Docs/Troops6-20261002/README.md
